-- phpMyAdmin SQL Dump
-- version 5.2.1
-- https://www.phpmyadmin.net/
--
-- Host: 127.0.0.1
-- Generation Time: Oct 30, 2025 at 03:02 PM
-- Server version: 10.4.32-MariaDB
-- PHP Version: 8.2.12

SET SQL_MODE = "NO_AUTO_VALUE_ON_ZERO";
START TRANSACTION;
SET time_zone = "+00:00";


/*!40101 SET @OLD_CHARACTER_SET_CLIENT=@@CHARACTER_SET_CLIENT */;
/*!40101 SET @OLD_CHARACTER_SET_RESULTS=@@CHARACTER_SET_RESULTS */;
/*!40101 SET @OLD_COLLATION_CONNECTION=@@COLLATION_CONNECTION */;
/*!40101 SET NAMES utf8mb4 */;

--
-- Database: `pojeck_bk`
--

-- --------------------------------------------------------

--
-- Table structure for table `admin`
--

CREATE TABLE `admin` (
  `Admin_name` varchar(20) NOT NULL,
  `Gmail` varchar(40) NOT NULL,
  `Password` varchar(20) NOT NULL
) ENGINE=InnoDB DEFAULT CHARSET=utf8mb4 COLLATE=utf8mb4_general_ci;

--
-- Dumping data for table `admin`
--

INSERT INTO `admin` (`Admin_name`, `Gmail`, `Password`) VALUES
('พชร วงศ์สมบัติ', 'pachara@gmail.com', '123456789');

-- --------------------------------------------------------

--
-- Table structure for table `category`
--

CREATE TABLE `category` (
  `category_id` int(11) NOT NULL,
  `category_name` varchar(50) NOT NULL
) ENGINE=InnoDB DEFAULT CHARSET=utf8mb4 COLLATE=utf8mb4_general_ci;

--
-- Dumping data for table `category`
--

INSERT INTO `category` (`category_id`, `category_name`) VALUES
(1, 'ธรรมชาติ'),
(2, 'วัฒนธรรมและประวัติศาสตร์'),
(3, 'บันเทิงและกิจกรรม'),
(4, 'เชิงการศึกษา'),
(5, 'สถาปัตยกรรมและสิ่งก่อสร้าง');

-- --------------------------------------------------------

--
-- Table structure for table `f_img`
--

CREATE TABLE `f_img` (
  `file_id` int(11) NOT NULL,
  `image_id` int(11) NOT NULL,
  `file_path_cover` varchar(255) NOT NULL,
  `file_path` varchar(255) NOT NULL
) ENGINE=InnoDB DEFAULT CHARSET=utf8mb4 COLLATE=utf8mb4_general_ci;

--
-- Dumping data for table `f_img`
--

INSERT INTO `f_img` (`file_id`, `image_id`, `file_path_cover`, `file_path`) VALUES
(1, 3, 'cover_1760592561.png', ''),
(2, 4, '', 'gallery_1760592561_0.jpg'),
(3, 3, '', '68f082d3b181e_4DQpjUtzLUwmJZZPFCPBrPexZhAacynpn4mHFwkjILfm.jpg'),
(4, 3, '', '68f082d3b1bba_64b67d0251a82769998dfe7a_800x0xcover_HNzFU46C.jpg'),
(5, 3, '', '68f082d3b1ec1_929d33f298d546e2823098e831a54f5f.jpg'),
(6, 3, '', '68f082d3b22ad_1598377-img.x25reb.1ops9._m.webp'),
(7, 3, '', '68f082d3b2535_20210507dc5c7986daef50c1e02ab09b442ee34f091924.jpg'),
(8, 3, '', '68f082d3b27a2_download (1).jpeg'),
(9, 3, '', '68f082d3b2ab5_download (2).jpeg'),
(10, 3, '', '68f082d3b2dcb_download (3).jpeg'),
(11, 3, '', '68f082d3b30f0_download.jpeg'),
(12, 3, '', '68f082d3b340a_h2.jpg'),
(13, 5, 'cover_1760594054.webp', ''),
(14, 6, '', 'gallery_1760594054_0.jpg'),
(15, 7, '', 'gallery_1760594054_1.jpg'),
(16, 8, '', 'gallery_1760594054_2.jpg'),
(17, 9, '', 'gallery_1760594054_3.jpg'),
(18, 10, '', 'gallery_1760594054_4.png'),
(19, 11, '', 'gallery_1760594054_5.webp'),
(20, 12, '', 'gallery_1760594054_6.webp'),
(21, 5, '', '68f088af6c0ea_download.png'),
(22, 5, '', '68f088af6c441_export.00_16_19_11.still222_1591172960.jpg'),
(23, 5, '', '68f088c429d9a_-2-e1654248264544.jpg'),
(24, 13, 'cover_1760594509.jpg', ''),
(25, 14, '', 'gallery_1760594509_0.jpeg'),
(26, 15, '', 'gallery_1760594509_1.jpeg'),
(27, 16, '', 'gallery_1760594509_2.jpg'),
(28, 17, '', 'gallery_1760594509_3.jpg'),
(29, 18, '', 'gallery_1760594509_4.jpeg'),
(30, 19, '', 'gallery_1760594509_5.jpg'),
(31, 20, '', 'gallery_1760594509_6.jpeg'),
(32, 21, '', 'gallery_1760594509_7.jpg'),
(33, 22, '', 'gallery_1760594509_8.jpg'),
(34, 23, 'cover_1760594800.jpg', ''),
(35, 24, '', 'gallery_1760594800_0.jpg'),
(36, 25, '', 'gallery_1760594800_1.jpg'),
(37, 26, '', 'gallery_1760594800_2.jpg'),
(38, 27, '', 'gallery_1760594800_3.webp'),
(39, 28, '', 'gallery_1760594800_4.jpeg'),
(40, 29, '', 'gallery_1760594800_5.jpeg'),
(41, 30, '', 'gallery_1760594800_6.jpeg'),
(42, 31, '', 'gallery_1760594800_7.jpg'),
(43, 32, '', 'gallery_1760594800_8.jpg'),
(44, 33, '', 'gallery_1760594800_9.jpg'),
(45, 34, 'cover_1760595129.png', ''),
(46, 35, '', 'gallery_1760595129_0.jpg'),
(47, 36, '', 'gallery_1760595129_1.jpg'),
(48, 37, '', 'gallery_1760595129_2.jpg'),
(49, 38, '', 'gallery_1760595129_3.webp'),
(50, 39, '', 'gallery_1760595129_4.jpg'),
(51, 40, '', 'gallery_1760595129_5.jpeg'),
(52, 41, '', 'gallery_1760595129_6.jpeg'),
(53, 42, '', 'gallery_1760595129_7.jpeg'),
(54, 43, '', 'gallery_1760595129_8.jpeg'),
(55, 34, '', '68f08cc2ca52c_A11.jpg'),
(56, 44, 'cover_1760595330.jpg', ''),
(57, 45, '', 'gallery_1760595330_0.jpg'),
(58, 46, '', 'gallery_1760595330_1.jpg'),
(59, 47, '', 'gallery_1760595330_2.jpg'),
(60, 48, '', 'gallery_1760595330_3.jpeg'),
(61, 49, '', 'gallery_1760595330_4.jpeg'),
(62, 50, '', 'gallery_1760595330_5.jpeg'),
(63, 51, '', 'gallery_1760595330_6.jpg'),
(64, 52, '', 'gallery_1760595330_7.jpeg'),
(65, 53, '', 'gallery_1760595330_8.jpeg'),
(66, 54, '', 'gallery_1760595330_9.jpg'),
(67, 55, 'cover_1760595571.jpg', ''),
(68, 56, '', 'gallery_1760595571_0.jpg'),
(69, 57, '', 'gallery_1760595571_1.jpg'),
(70, 58, '', 'gallery_1760595571_2.jpg'),
(71, 59, '', 'gallery_1760595571_3.jpg'),
(72, 60, '', 'gallery_1760595571_4.jpg'),
(73, 61, '', 'gallery_1760595571_5.jpg'),
(74, 62, '', 'gallery_1760595571_6.jpg'),
(75, 63, '', 'gallery_1760595571_7.jpg'),
(76, 64, '', 'gallery_1760595571_8.jpeg'),
(77, 65, '', 'gallery_1760595571_9.jpeg'),
(78, 66, 'cover_1760595905.png', ''),
(79, 67, '', 'gallery_1760595905_0.jpg'),
(80, 68, '', 'gallery_1760595905_1.jpg'),
(81, 69, '', 'gallery_1760595905_2.jpg'),
(82, 70, '', 'gallery_1760595905_3.jpg'),
(83, 71, '', 'gallery_1760595905_4.jpg'),
(84, 72, '', 'gallery_1760595905_5.jpg'),
(85, 73, '', 'gallery_1760595905_6.jpg'),
(86, 74, '', 'gallery_1760595905_7.jpg'),
(87, 75, '', 'gallery_1760595905_8.jpg'),
(88, 76, '', 'gallery_1760595905_9.jpg'),
(89, 77, 'cover_1760596148.jpg', ''),
(90, 78, '', 'gallery_1760596148_0.jpg'),
(91, 79, '', 'gallery_1760596148_1.jpg'),
(92, 80, '', 'gallery_1760596148_2.jpg'),
(93, 81, '', 'gallery_1760596148_3.jpg'),
(94, 82, '', 'gallery_1760596148_4.jpg'),
(95, 83, '', 'gallery_1760596148_5.jpg'),
(96, 84, '', 'gallery_1760596148_6.jpg'),
(97, 85, '', 'gallery_1760596148_7.jpg'),
(98, 86, '', 'gallery_1760596148_8.jpg'),
(99, 87, '', 'gallery_1760596148_9.jpg'),
(100, 88, 'cover_1760596364.jpg', ''),
(101, 89, '', 'gallery_1760596364_0.jpg'),
(102, 90, '', 'gallery_1760596364_1.jpg'),
(103, 91, '', 'gallery_1760596364_2.jpg'),
(104, 92, '', 'gallery_1760596364_3.jpg'),
(105, 93, '', 'gallery_1760596364_4.jpg'),
(106, 94, '', 'gallery_1760596364_5.jpg'),
(107, 95, '', 'gallery_1760596364_6.webp'),
(108, 96, '', 'gallery_1760596364_7.jpg'),
(109, 97, '', 'gallery_1760596364_8.jpg'),
(110, 88, '', '68f09199003e7_1.5-28.jpg'),
(111, 98, 'cover_1760596625.png', ''),
(112, 99, '', 'gallery_1760596625_0.jpg'),
(113, 100, '', 'gallery_1760596625_1.webp'),
(114, 101, '', 'gallery_1760596625_2.jpg'),
(115, 102, '', 'gallery_1760596625_3.jpeg'),
(116, 103, '', 'gallery_1760596625_4.jpeg'),
(117, 104, '', 'gallery_1760596625_5.jpg'),
(118, 105, '', 'gallery_1760596625_6.jpg'),
(119, 98, '', '68f092a2aa953_1.jpeg'),
(120, 98, '', '68f092a2aacea_2.jpeg'),
(121, 98, '', '68f092b019e94_images (1).jpeg'),
(122, 106, 'cover_1760596882.png', ''),
(123, 107, '', 'gallery_1760596882_0.jpg'),
(124, 108, '', 'gallery_1760596882_1.webp'),
(125, 109, '', 'gallery_1760596882_2.jpg'),
(126, 110, '', 'gallery_1760596882_3.jpg'),
(127, 111, '', 'gallery_1760596882_4.jpeg'),
(128, 112, '', 'gallery_1760596882_5.jpeg'),
(129, 113, '', 'gallery_1760596882_6.jpg'),
(130, 114, '', 'gallery_1760596882_7.webp'),
(131, 106, '', '68f0939f096fc_images (1).jpeg'),
(132, 106, '', '68f0939f09a52_images (2).jpeg'),
(133, 115, 'cover_1760597035.jpg', ''),
(134, 116, '', 'gallery_1760597035_0.jpg'),
(135, 117, '', 'gallery_1760597035_1.jpg'),
(136, 118, '', 'gallery_1760597035_2.jpg'),
(137, 119, '', 'gallery_1760597035_3.webp'),
(138, 120, '', 'gallery_1760597035_4.jpg'),
(139, 121, '', 'gallery_1760597035_5.jpg'),
(140, 122, '', 'gallery_1760597035_6.jpeg'),
(141, 123, '', 'gallery_1760597035_7.webp'),
(142, 124, '', 'gallery_1760597035_8.webp'),
(143, 125, '', 'gallery_1760597035_9.webp'),
(144, 126, 'cover_1760597239.png', ''),
(145, 127, '', 'gallery_1760597239_0.jpg'),
(146, 128, '', 'gallery_1760597239_1.jpg'),
(147, 129, '', 'gallery_1760597239_2.jpg'),
(148, 130, '', 'gallery_1760597239_3.jpg'),
(149, 131, '', 'gallery_1760597239_4.jpeg'),
(150, 132, '', 'gallery_1760597239_5.jpeg'),
(151, 133, '', 'gallery_1760597239_6.jpeg'),
(152, 134, '', 'gallery_1760597239_7.jpeg'),
(153, 135, '', 'gallery_1760597239_8.jpg'),
(154, 126, '', '68f09502a994b_images (1).jpeg'),
(155, 136, 'cover_1760597413.png', ''),
(156, 137, '', 'gallery_1760597413_0.jpg'),
(157, 138, '', 'gallery_1760597413_1.jpg'),
(158, 139, '', 'gallery_1760597413_2.jpg'),
(159, 140, '', 'gallery_1760597413_3.jpg'),
(160, 141, '', 'gallery_1760597413_4.jpg'),
(161, 142, '', 'gallery_1760597413_5.jpg'),
(162, 143, '', 'gallery_1760597413_6.jpg'),
(163, 144, '', 'gallery_1760597413_7.jpg'),
(164, 145, '', 'gallery_1760597413_8.jpg'),
(165, 146, '', 'gallery_1760597413_9.jpg'),
(166, 147, 'cover_1760597614.jpg', ''),
(167, 148, '', 'gallery_1760597614_0.jpg'),
(168, 149, '', 'gallery_1760597614_1.jpg'),
(169, 150, '', 'gallery_1760597614_2.jpg'),
(170, 151, '', 'gallery_1760597614_3.jpg'),
(171, 152, '', 'gallery_1760597614_4.jpg'),
(172, 153, '', 'gallery_1760597614_5.jpg'),
(173, 154, '', 'gallery_1760597614_6.jpg'),
(174, 155, '', 'gallery_1760597614_7.jpg'),
(175, 156, '', 'gallery_1760597614_8.jpg'),
(176, 157, '', 'gallery_1760597614_9.jpg'),
(177, 158, 'cover_1760597790.jpg', ''),
(178, 159, '', 'gallery_1760597790_0.jpg'),
(179, 160, '', 'gallery_1760597790_1.jpg'),
(180, 161, '', 'gallery_1760597790_2.jpg'),
(181, 162, '', 'gallery_1760597790_3.jpg'),
(182, 163, '', 'gallery_1760597790_4.jpg'),
(183, 164, '', 'gallery_1760597790_5.jpg'),
(184, 165, '', 'gallery_1760597790_6.jpg'),
(185, 166, '', 'gallery_1760597790_7.jpg'),
(186, 167, '', 'gallery_1760597790_8.jpg'),
(187, 168, '', 'gallery_1760597790_9.jpg'),
(189, 170, '', 'gallery_1760598058_0.jpg'),
(190, 171, '', 'gallery_1760598058_1.jpg'),
(191, 172, '', 'gallery_1760598058_2.jpg'),
(192, 173, '', 'gallery_1760598058_3.jpg'),
(193, 174, '', 'gallery_1760598058_4.jpg'),
(194, 175, '', 'gallery_1760598058_5.jpg'),
(195, 176, '', 'gallery_1760598058_6.jpg'),
(196, 177, '', 'gallery_1760598058_7.jpg'),
(197, 178, '', 'gallery_1760598058_8.jpeg'),
(198, 179, '', 'gallery_1760598058_9.jpeg'),
(199, 169, '68f0984c6313a_16.jpg', ''),
(200, 169, '', '68f0984c634f7_20210506abc01d47641c4f63f58154b39638d5db144619.jpg'),
(201, 169, '', '68f0984c63851_20210506c5e83261330e6e013f07781f11bdec22143359.jpg'),
(202, 169, '', '68f0984c63aed_202105067b614c75c9eb0edeec83dd7c8e2b1565144619.jpg'),
(203, 169, '', '68f0984c63d91_481961651_10161418734803772_5539806149216565819_n.jpg'),
(204, 169, '', '68f0984c64042_482089121_10161418397488772_8965818922209965381_n.jpg'),
(205, 169, '', '68f0984c6441a_482203821_10161429284573772_4615384697463119773_n.jpg'),
(206, 169, '', '68f0984c64801_489424892_10161563828423772_4842728872891254036_n.jpg'),
(207, 169, '', '68f0984c64b32_490534806_10161567564823772_8993173500066675817_n.jpg'),
(208, 169, '', '68f0984c64dcc_540951303_10162148669208772_8664493976113420792_n.jpg'),
(209, 169, '', '68f0984c6509f_2021050676b40dd3607358e2e3ab7f4717060fc3144619.jpg'),
(210, 180, 'cover_1760598266.jpg', ''),
(211, 181, '', 'gallery_1760598266_0.jpg'),
(212, 182, '', 'gallery_1760598266_1.jpg'),
(213, 183, '', 'gallery_1760598266_2.jpg'),
(214, 184, '', 'gallery_1760598266_3.jpg'),
(215, 185, '', 'gallery_1760598266_4.jpg'),
(216, 186, '', 'gallery_1760598266_5.jpg'),
(217, 187, '', 'gallery_1760598266_6.jpg'),
(218, 188, '', 'gallery_1760598266_7.jpg'),
(219, 189, '', 'gallery_1760598266_8.jpeg'),
(220, 190, '', 'gallery_1760598266_9.jpeg');

-- --------------------------------------------------------

--
-- Table structure for table `img`
--

CREATE TABLE `img` (
  `image_id` int(11) NOT NULL,
  `place_id` int(11) NOT NULL
) ENGINE=InnoDB DEFAULT CHARSET=utf8mb4 COLLATE=utf8mb4_general_ci;

--
-- Dumping data for table `img`
--

INSERT INTO `img` (`image_id`, `place_id`) VALUES
(3, 373),
(4, 373),
(5, 374),
(6, 374),
(7, 374),
(8, 374),
(9, 374),
(10, 374),
(11, 374),
(12, 374),
(13, 376),
(14, 376),
(15, 376),
(16, 376),
(17, 376),
(18, 376),
(19, 376),
(20, 376),
(21, 376),
(22, 376),
(23, 377),
(24, 377),
(25, 377),
(26, 377),
(27, 377),
(28, 377),
(29, 377),
(30, 377),
(31, 377),
(32, 377),
(33, 377),
(34, 378),
(35, 378),
(36, 378),
(37, 378),
(38, 378),
(39, 378),
(40, 378),
(41, 378),
(42, 378),
(43, 378),
(44, 379),
(45, 379),
(46, 379),
(47, 379),
(48, 379),
(49, 379),
(50, 379),
(51, 379),
(52, 379),
(53, 379),
(54, 379),
(55, 380),
(56, 380),
(57, 380),
(58, 380),
(59, 380),
(60, 380),
(61, 380),
(62, 380),
(63, 380),
(64, 380),
(65, 380),
(66, 381),
(67, 381),
(68, 381),
(69, 381),
(70, 381),
(71, 381),
(72, 381),
(73, 381),
(74, 381),
(75, 381),
(76, 381),
(77, 382),
(78, 382),
(79, 382),
(80, 382),
(81, 382),
(82, 382),
(83, 382),
(84, 382),
(85, 382),
(86, 382),
(87, 382),
(88, 383),
(89, 383),
(90, 383),
(91, 383),
(92, 383),
(93, 383),
(94, 383),
(95, 383),
(96, 383),
(97, 383),
(98, 384),
(99, 384),
(100, 384),
(101, 384),
(102, 384),
(103, 384),
(104, 384),
(105, 384),
(106, 385),
(107, 385),
(108, 385),
(109, 385),
(110, 385),
(111, 385),
(112, 385),
(113, 385),
(114, 385),
(115, 386),
(116, 386),
(117, 386),
(118, 386),
(119, 386),
(120, 386),
(121, 386),
(122, 386),
(123, 386),
(124, 386),
(125, 386),
(126, 387),
(127, 387),
(128, 387),
(129, 387),
(130, 387),
(131, 387),
(132, 387),
(133, 387),
(134, 387),
(135, 387),
(136, 388),
(137, 388),
(138, 388),
(139, 388),
(140, 388),
(141, 388),
(142, 388),
(143, 388),
(144, 388),
(145, 388),
(146, 388),
(147, 389),
(148, 389),
(149, 389),
(150, 389),
(151, 389),
(152, 389),
(153, 389),
(154, 389),
(155, 389),
(156, 389),
(157, 389),
(158, 390),
(159, 390),
(160, 390),
(161, 390),
(162, 390),
(163, 390),
(164, 390),
(165, 390),
(166, 390),
(167, 390),
(168, 390),
(169, 391),
(170, 391),
(171, 391),
(172, 391),
(173, 391),
(174, 391),
(175, 391),
(176, 391),
(177, 391),
(178, 391),
(179, 391),
(180, 392),
(181, 392),
(182, 392),
(183, 392),
(184, 392),
(185, 392),
(186, 392),
(187, 392),
(188, 392),
(189, 392),
(190, 392);

-- --------------------------------------------------------

--
-- Table structure for table `report_review`
--

CREATE TABLE `report_review` (
  `report_id` int(11) NOT NULL,
  `place_id` int(11) NOT NULL,
  `review_id` int(11) NOT NULL,
  `report_type` varchar(50) NOT NULL,
  `report_at` datetime NOT NULL DEFAULT current_timestamp()
) ENGINE=InnoDB DEFAULT CHARSET=utf8mb4 COLLATE=utf8mb4_general_ci;

--
-- Dumping data for table `report_review`
--

INSERT INTO `report_review` (`report_id`, `place_id`, `review_id`, `report_type`, `report_at`) VALUES
(1, 390, 13, 'เนื้อหาหยาบคาย/ไม่เหมาะสม', '2025-10-18 14:13:02'),
(2, 390, 14, 'เนื้อหาไม่เกี่ยวข้องกับหัวข้อ', '2025-10-18 14:15:07'),
(3, 376, 11, 'อื่นๆ', '2025-10-21 06:29:54');

-- --------------------------------------------------------

--
-- Table structure for table `review`
--

CREATE TABLE `review` (
  `review_id` int(11) NOT NULL,
  `place_id` int(11) NOT NULL,
  `review_name` varchar(40) NOT NULL,
  `review_text` varchar(100) NOT NULL,
  `rating` enum('1','2','3','4','5') NOT NULL,
  `review_at` datetime NOT NULL DEFAULT current_timestamp(),
  `review_password` varchar(100) NOT NULL
) ENGINE=InnoDB DEFAULT CHARSET=utf8mb4 COLLATE=utf8mb4_general_ci;

--
-- Dumping data for table `review`
--

INSERT INTO `review` (`review_id`, `place_id`, `review_name`, `review_text`, `rating`, `review_at`, `review_password`) VALUES
(2, 373, 'TE', 'ดี', '5', '2025-10-18 14:03:45', '$2y$10$AeI.s2Fkjt7zl2QNgqOsA.s2d3kSnFIkVoXAeCqq8HdgFYaRWZzUu'),
(3, 373, 'F', 'สวยดี', '4', '2025-10-18 14:04:36', '$2y$10$w4qgYvNxirZ91zkI1eyg1ek.5Qc5f.7AJoDHDmdLIN2PxbHAi1Ape'),
(4, 373, 'เจมส์', 'ไปไหนต่อดี', '4', '2025-10-18 14:05:27', '$2y$10$LyIvvJ5cZ4Tirj5/fxDra.PW0LH7G7AZaQtKNM.XenYabMquS/TDm'),
(5, 373, 'แฟนเจมส์', 'เห็นเจมส์ไหม', '1', '2025-10-18 14:05:56', '$2y$10$yNW0c/rQYY5NivuP8pGRsu50YqqyBNrbEJP7swD6p5Baq471Ggmkq'),
(6, 389, 'ปอนหล่อ', 'ไปขายหมูกัน', '5', '2025-10-18 14:06:38', '$2y$10$5TJIW6wxYq3KNvOCEwLs/e3Pkmv4QkFvLNvzRafuqmZOZuAasouUu'),
(7, 389, 'วี่', 'มึงพูดกี่รอบแล้ว', '4', '2025-10-18 14:07:41', '$2y$10$45f9Ghp24txLNTJJmkaAH.wS9DYBXaF6.vsayomgFaSy2.osKjupu'),
(8, 374, 'เอฟ', 'ไม่เห็นมีพยานาค', '2', '2025-10-18 14:08:38', '$2y$10$ywiMz1nSovMq/Fw6J9FYoeaZJ4fo7cQaHalYvbBjwQjEJ7avITTeC'),
(9, 374, 'กัส', '55555', '5', '2025-10-18 14:08:55', '$2y$10$COHnAW3wKuv/GanKltfTU.7j9/BXpwUOBgCO8enU5aW87cxa2orim'),
(10, 374, 'เพียว', 'มึงก็พูดไป', '4', '2025-10-18 14:09:20', '$2y$10$0eSdJkB1JMIFYmckvvagZeuasoYjtgCmMLgYaqkPeN.WB9GlmslsW'),
(11, 376, 'ไม่เจ๊งเหมือนชื่อ', 'ไกลไป', '1', '2025-10-18 14:10:01', '$2y$10$H93idF/vPh/w5Y3yN.rWUOJCq9SJB/vxNQ4R45VsTc.PDI8WUO32S'),
(12, 390, 'ท็อป', 'ส้ม', '5', '2025-10-18 14:11:44', '$2y$10$ZPERsL21cLQeMS5JoZpyAOlV5ZTe104cJINjpD47PY1uvXAgTf5Xe'),
(13, 390, 'noname', 'ก่ากกาก', '1', '2025-10-18 14:12:34', '$2y$10$LwosCekQeu0CVdJsJ9VyYutHBM6udWsd5YA5euZZvqI5C0h64heJC'),
(14, 390, 'คนขายเฉาก๊วย', 'ก็พบกันอีกเช่นเคยนะครับ สำหรับท่านที่เดินผ่านไปผ่านมานะครับ วันนี้ เฉาก๊วยชากังราวของเรา', '4', '2025-10-18 14:14:20', '$2y$10$tunUROj.uGrLjA5BDauUSeXCNNxDACdIOwYVatKMiDQlbTbpet9ha'),
(15, 376, 'บุ๊ก', 'ก็ธรรมชาติ', '4', '2025-10-18 14:15:39', '$2y$10$oWdml8gfxbiutV3kjQmoQuMvX.ctGG3u5NfjOk3V9hTLGrO3UXjI.'),
(16, 376, 'เฟม', 'สนุกดี', '3', '2025-10-18 14:16:07', '$2y$10$cKBM1AnwYD8c41C5jGJvxOULWNBoOVNCEhmiMeBoYqJz3RNjRT1kW'),
(17, 389, 'ฟุ๊ก', 'กูจะขายไก่', '4', '2025-10-18 14:17:21', '$2y$10$AabShzZn.C1tYTaxXi.hz.TEpnXDEbn18mKHufAYAemOzBHwHhA8K');

-- --------------------------------------------------------

--
-- Table structure for table `tourist`
--

CREATE TABLE `tourist` (
  `place_id` int(11) NOT NULL,
  `place_name` varchar(50) NOT NULL,
  `created_at` datetime DEFAULT current_timestamp(),
  `latitude` decimal(9,6) DEFAULT NULL,
  `longitude` decimal(9,6) DEFAULT NULL,
  `season` enum('ฤดูร้อน','ฤดูฝน','ฤดูหนาว','ทุกฤดู') NOT NULL,
  `closure_info` varchar(40) DEFAULT NULL,
  `description` varchar(600) DEFAULT NULL,
  `history` varchar(600) DEFAULT NULL,
  `preparation` varchar(100) DEFAULT NULL,
  `warnings` varchar(100) DEFAULT NULL,
  `rules` varchar(100) DEFAULT NULL,
  `contact_info` varchar(500) DEFAULT NULL,
  `visit_count` int(11) DEFAULT 0
) ENGINE=InnoDB DEFAULT CHARSET=utf8mb4 COLLATE=utf8mb4_general_ci;

--
-- Dumping data for table `tourist`
--

INSERT INTO `tourist` (`place_id`, `place_name`, `created_at`, `latitude`, `longitude`, `season`, `closure_info`, `description`, `history`, `preparation`, `warnings`, `rules`, `contact_info`, `visit_count`) VALUES
(373, 'หินสามวาฬ', '2025-10-16 12:29:21', 18.251123, 103.813826, 'ฤดูหนาว', '', 'ภูสิงห์ เป็นส่วนหนึ่งของป่าสงวนแห่งชาติป่าดงดิบกะลา ป่าภูสิงห์ และป่าดงสีชมพู อยู่ในความดูแลของกรมอุทยานแห่งชาติ สัตว์ป่า และพันธุ์พืช ตั้งอยู่ใกล้เคียงกับภูทอก มีแหล่งท่องเที่ยวที่โดดเด่นคือ หินสามวาฬ เป็นหน้าผาหินทรายขนาดใหญ่ยื่นออกไป เป็นจุดชมวิวที่มีความสวยงาม และสามาถชมทะเลหมอกยามเช้าในฤดูหนาวได้ นอกจากนี้ ยังเป็นเส้นทางเดินศึกษาธรรมชาติที่มีความอุดมสมบูรณ์และหลากหลาย ซึ่งปัจจุบันมีนักท่องเที่ยวเดินทางมาท่องเที่ยวที่ภูสิงห์เป็นจำนวนมาก', 'หินสามวาฬ ว่ากันว่ามีอายุกว่า 75 ล้านปี ลักษณะเป็นก้อนหินขนาดมหึมาวางเรียงกัน 3 ก้อน มองไกลหรือมองจากภาพถ่ายทางอากาศ มีรูปร่างคล้ายปลาวาฬ พ่อ แม่ ลูก กำลังว่ายน้ำกันอย่างสนุกสนาน จึงเรียกกันว่า”หินสามวาฬ”', 'รองเท้าสำหรับเดินป่า, น้ำดื่ม, หมวกหรือร่ม', 'ระวังลื่นในช่วงฝนตก', 'ห้ามทิ้งขยะ ห้ามขีดเขียนหิน ห้ามสูบบุหรี่', '[\"https:\\/\\/thailandtourismdirectory.go.th\\/attraction\\/832\",\"-\",\"0817080734\",\"-\"]', 4),
(374, 'ถ้ำนาคา', '2025-10-16 12:54:14', 17.945482, 104.106745, 'ฤดูฝน', '', 'ถ้ำนาคา เป็นถ้ำที่ตั้งอยู่ในเขตพื้นที่ อุทยานแห่งชาติภูลังกา อำเภอบึงโขงหลง จังหวัดบึงกาฬ รอยต่อระหว่างจังหวัดบึงกาฬ – นครพนม จุดเด่นของถ้ำนาคา คือ ภายในถ้ำจะพบกับหิน ที่มีรูปร่างคล้ายกับงูยักษ์หรือลำตัวของพญานาค มีลักษณะเหมือนเกล็ดของงูขนาดใหญ่ ซึ่งในทางธรณีวิทยา เกิดจากหินบนพื้นผิวโลกผ่านการเปลี่ยนแปลงอุณหภูมิร้อน - เย็นสลับกัน กระบวนการทางกายภาพเกิดการผุพัง ปริแตกตามพื้นผิวโดยรอบหิน เรียกว่า ซันแครก (sun crack) ซึ่งตามคติชาวบ้านหรือความเชื่อในท้องถิ่นบางส่วนเชื่อว่าพญานาคที่ชาวบ้านเรียกว่า ปู่อือลือ ถูกสาปให้ร่างกลายเป็นหินติดอยู่ในถ้ำแห่งนี้', '\"ถ้ำนาคา\" เป็นถ้ำที่ตั้งอยู่ในเขตพื้นที่ อุทยานแห่งชาติภูลังกา อำเภอบึงโขงหลง จังหวัดบึงกาฬ รอยต่อระหว่างจังหวัดบึงกาฬ – นครพนม จุดเด่นของถ้ำนาคา คือ ภายในถ้ำจะพบกับหิน ที่มีรูปร่างคล้ายกับงูยักษ์หรือลำตัวของพญานาค มีลักษณะเหมือนเกล็ดของงูขนาดใหญ่ ซึ่งในทางธรณีวิทยา เกิดจากหินบนพื้นผิวโลกผ่านการเปลี่ยนแปลงอุณหภูมิร้อน - เย็นสลับกัน กระบวนการทางกายภาพเกิดการผุพัง ปริแตกตามพื้นผิวโดยรอบหิน เรียกว่า ซันแครก (sun crack) ซึ่งตามคติชาวบ้านหรือความเชื่อในท้องถิ่นบางส่วนเชื่อว่าพญานาคที่ชาวบ้านเรียกว่า ปู่อือลือ ถูกสาปให้ร่างกลายเป็นหินติดอยู่ในถ้ำแห่งนี้', 'รองเท้าเดินป่า ไฟฉาย ยากันยุง ของใช้ที่จำเป็น', 'งูและสัตว์เลื้อยคลาน', 'ต้องมีผู้นำเที่ยวท้องถิ่นโดยผู้นำเที่ยวท้องถิ่น 1 คน ต่อนักท่องเที่ยวไม่เกิน 7 คน ต่อกลุ่ม เคารพสถาน', '[\"-\",\"-\",\"-\",\"-\"]', 2),
(376, 'น้ำตกถ้ำพระ', '2025-10-16 13:01:49', 18.127229, 103.996132, 'ฤดูฝน', '-', 'ต้องนั่งเรือก่อนเพื่อไปน้ำตกถ้ำพระ ตั้งอยู่บริเวณบ้านโนนสมบูรณ์ อยู่ห่างจากอำเภอเซกา ประมาณ 34 กิโลเมตร บริเวณน้ำตกจะเป็นที่ตั้งของสำนักสงฆ์ภูถ้ำพระ ซึ่งเงียบสงบและร่มรื่น เมื่อเดินขึ้นมาบนลานหินด้านหลัง จะพบหุบเขารูปแอ่งกระทะขนาดกว้างประมาณ 200 ตารางเมตร มีสายธารน้ำตกไหลมายังก้นอ่างที่เบื้องล่าง บริเวณน้ำตกเป็นผากว้างราว100 เมตร สามารถลงเล่นได้เฉพาะในฤดูฝน น้ำตกภูถ้ำพระเกิดจากลำธารห้วยบังบาด มีความสูงระหว่างชั้นประมาณ50 เมตร', 'น้ำตกถ้ำพระ หรือน้ำตกถ้ำพระภูวัว ตั้งอยู่บริเวณเขตรักษาพันธุ์สัตว์ป่าภูวัว บ้านถ้ำพระ ตำบลโสกก่าม อำเภอเซกา จังหวัดบึงกาฬ เป็นน้ำตกขนาดใหญ่ 3 ชั้น ที่ไหลอยู่บนภูเขาหินทรายขนาดใหญ่ เป็นสถานที่ท่องเที่ยวพักผ่อนหย่อนใจของนักท่องเที่ยวที่มาเที่ยวชมความงามของน้ำตก นอกจากนี้ยังมีแอ่งน้ำขนาดใหญ่และร่องน้ำที่สามารเล่นเป็นสไลเดอร์ได้ ทำให้เล่นน้ำกันในลำธารกันได้อย่างสนุกสนาน แต่น้ำตกจะมีน้ำมากในฤดูฝนช่วงเดือนกรกฎาคม-ต้นตุลาคม เท่านั้น หากมาในช่วงเดือนอื่นน้ำค่อนข้างน้อยมาก', 'ทากันแดดให้เพียงพอ หากจะเล่นน้ำตก ควรเตรียมชุดให้พร้อม', 'หากจะเล่นน้ำตก เล่นในจุดที่เจ้าหน้าที่อนุญาตเท่านั้น เพื่อความปลอดภัย ระวังลื่น', 'ห้ามก่อไฟ ห้ามพกอาวุธ ห้ามเดินออกนอกเส้นทาง ห้ามเข้าเที่ยวหลังเวลากำหนด ฯ เป็นต้น', '[\"-\",\"-\",\"-\",\"-\"]', 4),
(377, 'น้ำตกเจ็ดสี', '2025-10-16 13:06:40', 18.160321, 103.953100, 'ฤดูฝน', '-', 'น้ำตกเจ็ดสี เป็นสถานที่ท่องเที่ยวตั้งอยู่ที่เขตรักษาพันธุ์สัตว์ป่าภูวัว บ้านดอนเสียด ตำบลบ้านต้อง อำเภอเซกา จังหวัดบึงกาฬ เป็นอีกหนึ่งที่สถานที่ท่องเที่ยวที่ขึ้นชื่อของจังหวัดบึงกาฬ เป็นน้ำตกที่สวยงามอยู่ท่ามกลางธรรมชาติที่ควรอนุรักษ์ไว้ น้ำตกเจ็ดสี ชื่อนี้มาจากน้ำตกที่ตกจากหน้าผาสูงแล้วเกิดเป็นละอองไอน้ำกระทบกับแสงแดดทำให้เกิดรุ้งกินน้ำมีสีต่าง ๆ 7 สีขึ้นจึงเรียกว่า น้ำตกเจ็ดสี เหมาะสำหรับไปเทียวในช่วงบ่ายๆ มีแดดจะสวยงามมากๆ น้ำตกมีถึง 3 ชั้น แต่ละชั้นก็แตกต่างกันออกไป สามารถเล่นน้ำได้หลายจุดมากๆ ที่นี่ยังมีที่จอดรถให้พร้อมสะดวกสบาย ห้องน้ำก็มีให้บริการ และยังมีร้านอาหารให้นั่งทานได้อีกด้วย น', 'น้ำตกเจ็ดสี เดิมเรียกว่า น้ำตกห้วยกะอามซึ่งเกิดจากธารน้ำของห้วยกะอาม น้ำตกจากหน้าผาสูงแล้วเกิดเป็นละอองไอน้ำกระทบกับแสงแดดยามบ่ายทำให้เกิดสีต่าง ๆ ขึ้นจึงเรียกน้ำตกเจ็ดสี มีทั้งหมด 3 ชั้น ชั้นที่เป็นไฮไลท์มีความยิ่งใหญ่สวยงาม สายน้ำไหลเป็นสายสีขาวแผ่สยายเป็นสายกว้างลงสู่แอ่งน้ำเบื้องล่าง ที่เป็นแอ่งน้ำตื้นกว้างใหญ่ ดุจดังสระน้ำธรรมชาติ สามารถลงเล่นน้ำได้อย่างสบายใจไม่ต้องกลัวจม ขณะที่ด้านผาฝั่งซ้ายของน้ำตกนั้นก็เต็มไปด้วยเปราะหินที่ให้ดอกสีเหลืองอย่างสวยงาม', 'ทากันแดดให้เพียงพอ หากจะเล่นน้ำตก ควรเตรียมชุดให้พร้อม', 'ระวังลื่น บันไดขึ้นลงต้องระมัดระวัง', 'ห้ามก่อไฟ ห้ามพกอาวุธ ห้ามเดินออกนอกเส้นทาง ห้ามเข้าเที่ยวหลังเวลากำหนด ฯ เป็นต้น', '[\"-\",\"-\",\"-\",\"-\"]', 0),
(378, 'น้ำตกกินรี (อุทยานแห่งชาติภูลังกา)', '2025-10-16 13:12:09', 17.945964, 104.130135, 'ฤดูฝน', '', 'น้ำตกตาดกินรี เป็นน้ำตกที่มีความสวยงามแห่งหนึ่ง ในจังหวัดบึงกาฬ ตั้งอยู่ในอุทยานแห่งชาติภูลังกา ปัจจุบันมีจำนวนนักท่องเที่ยวเดินทางมาเที่ยวเป็นจำนวนมาก เพราะมีความสวยงามและสะดวกแก่การเดินทาง สภาพน้ำตกมีความสวยงาม จำนวนชั้นไม่สูงมาก มีความอุดมสมบูรณ์ของพื้นที่ น้ำใสไหลเย็น นักท่องเที่ยวนิยมมาเที่ยวชมความสวยงาม และมาพักผ่อนคลายความร้อนที่น้ำตกแห่งนี้', 'เป็นน้ำตกที่ไหลมาจากห้วยสาน น้ำตกมีอยู่ 2 ชั้น อยู่ในท้องที่ บ.นาอ่าง ต. โพธิ์หมากแข้ง อ.บึงโขงหลง จ.บึงกาฬ ห่างจากที่ทำการอุทยานแห่งชาติภูลังกาประมาณ 34 กิโลเมตร เป็นแหล่งท่องเที่ยวใหม่', 'ทากันแดดให้เพียงพอ', 'ระวังลื่น', 'ห้ามก่อไฟ ห้ามพกอาวุธ ห้ามเดินออกนอกเส้นทาง ห้ามเข้าเที่ยวหลังเวลากำหนด ฯ เป็นต้น', '[\"-\",\"-\",\"-\",\"-\"]', 0),
(379, 'น้ำตกตาดวิมานทิพย์', '2025-10-16 13:15:30', 17.949994, 104.109977, 'ฤดูฝน', '-', '\"น้ำตกตาดวิมานทิพย์\" อยู่ในเขตอุทยานแห่งชาติภูลังกา เป็นน้ำตกสูงใหญ่ กว้าง 150 เมตร สูง 70 เมตร น้ำตกมีทั้งหมด 7 ชั้น เส้นทางเดินขึ้นสู่ชั้นที่ 7 นั้นจะต้องมีเจ้าหน้าที่นำทาง ในการเดิน เพราะเส้นทางเดินค่อนข้างลำบาก ชั้นแรกของน้ำตกตาดวิมานทิพย์ ก็สามารถเดินลัดเลาะขึ้นไปยังชั้น 2 ชั้น 3 ซึ่งจะเป็นแหล่งน้ำใหญ่หน่อย ชั้น 3 แห่งนี้ก็จะพบหินรูปร่างคล้ายพญาเต่าขนาดใหญ่กำลังว่ายน้ำ และบริเวณโดยรอบจะถูกล้อมไปด้วยภูเขาและป่าไม้สีเขียวสดที่มีความชุ่มชื้น อุดมสมบูรณ์มากๆ น้ำจากน้ำตกนี้เป็นสายน้ำที่ไหลลงมาจากบนภูเขาหินทราย ไม่มีบริเวณหลุมหรือบ่อที่คอยกักเก็บน้ำเอาไว้ให้น้ำตกไหลตลอด', '-', 'นักท่องเที่ยว ต้องจองคิวผ่าน Application QueQ  เท่านั้นโดยกำหนดให้จองล่วงหน้า 15 วันก่อนการเดินทาง จ', 'ระวังลื่น หากน้ำฝนมีปริมาณมากเกินไป น้ำจะขุ่น และเจ้าหน้าที่จะไม่ให้เข้า', 'ไม่ส่งเสียงดัง ไม่ทำลายทรัพยากรธรรมชาติ ไม่แตะสัมผัสทรัพยากรธรณี เช่น หินแร่ ทุกกรณี ฯ', '[\"-\",\"-\",\"-\",\"-\"]', 1),
(380, 'แก่งอาฮง', '2025-10-16 13:19:31', 18.424216, 103.465110, 'ฤดูร้อน', '-', '\"แก่งอาฮง\" เป็นแก่งหินธรรมชาติในลำแม่น้ำโขงที่มีความสวยงาม และผูกพันกับความเชื่อ ความศรัทธา เกี่ยวกับองค์พญานาค ซึ่งเชื่อว่า บริเวณแก่งอาฮง เป็นจุดที่ลึกที่สุดของแม่น้ำโขง และเป็นประตูเชื่อมโลกมนุษย์กับเมืองบาดาล ที่อยู่อาศัยของพญานาค จนมีความเชื่อกันว่า หากโยนลูกมะนาวลงไปในแก่งอาฮง ลูกมะนาวนั้น ก็จะไปขึ้นปรากฏอยู่ที่ป่าคำชะโนด อำเภอบ้านดุง จังหวัดอุดรธานี จนเกิดเป็นความเชื่อการเชื่อมโยงโลกมนุษย์กับเมืองบาดาลของพญานาค บริเวณแก่งอาฮง เป็นจุดหนึ่งที่เกิดปรากฏการณ์บั้งไฟพญานาคทุกวันออกพรรษา ขึ้น 15 ค่ำ เดือน 11 ของทุกปี และมีนักท่องเที่ยวรวมทั้งผู้ที่มีความศรัทธาในองค์พญานาค มาท่องเที่ยวเป็นประจำ', 'แก่งอาฮง หรือจุดชม “สะดือแม่น้ำโขง” ณ วัดอาฮงศิลาวาส ตำบลหอคำ เขตอำเภอเมืองบึงกาฬ ห่างจากตัวจังหวัด 21 กิโลเมตร ถือว่าเป็นจุดที่แม่น้ำโขงมีความลึกที่สุดไม่สามารถวัดความลึกได้ กระแสน้ำไหลเชี่ยวมากในฤดูน้ำหลากและมีกระแสน้ำไหลวนเป็นรูปกรวยขนาดใหญ่จัง สังเกตได้จากเมื่อมีวัสดุหรือซากไม้ขนาดใหญ่ลอยมาเมื่อถึงบริเวณนี้ สิ่งของต่างๆ จะหมุนวนอยู่ประมาณ 30 นาที จึงจะไหลต่อไป ซึ่งชาวบ้านเชื่อกันว่าเป็น “สะดือแม่น้ำโขง” มีความกว้างประมาณ 300 เมตร', 'ทากันแดดให้เพียงพอ', 'ระวังลื่น', 'ไม่ทำลายทรัพยากรธรรมชาติ ไม่ทิ้งขยะ', '[\"-\",\"-\",\"-\",\"-\"]', 0),
(381, 'เขตรักษาพันธุ์สัตว์ป่าภูวัว', '2025-10-16 13:25:05', 18.248387, 103.961476, 'ทุกฤดู', '-', 'ครอบคลุมพื้นที่ในเขตอำเภอบึงกาฬ อำเภอบุ่งคล้า อำเภอเซกา และอำเภอบึงโขงหลง มีน้ำตกที่สวยงามหลายแห่ง ตั้งอยู่บ้านดอนจิก เลยอำเภอบุ่งคล้า 3 กิโลเมตรและเลี้ยวขวาไปอีกประมาณ 6 กิโลเมตร เขตรักษาพันธุ์สัตว์ป่ามีเนื้อที่ประมาณ 186 ตารางกิโลเมตร หรือ 116,562 ไร่ ครอบคลุมพื้นที่ในเขตอำเภอบึงกาฬ อำเภอบุ่งคล้า อำเภอเซกา และอำเภอบึงโขงหลง เกือบติดพรมแดนประเทศลาวสามารถมองเป็นทิวทัศน์ที่เป็นป่าได้ โดยรอบ เห็นได้ไกลถึงป่าในฝั่งลาว เช่น ภูควาย ภูงู ภูหมาก่าวของลาวได้ชัดเจน มีความสูงจากระดับน้ำทะเลเฉลี่ยประมาณ 150-300 เมตร สภาพป่าส่วนใหญ่เป็นป่าเต็งรัง ป่าดิบแล้ง และป่าดิบชื้น บางส่วนเป็นสันเขาหินทราย ลานหินและ', '-', 'ชุดเดินป่า เสื้อแขนยาว กางเกงขายาว ควรเบาสบาย (ไม่แนะนำให้ใส่กางเกงยีนส์) รองเท้าเดินป่า (จะเป็นแบบแ', 'ทางเดินจะลื่นควรเดินด้วยความระมัดระวัง', 'นักท่องเที่ยวต้องปฏิบัติตามกฎข้อระเบียบบังคับของเขตรักษาพันธุ์สัตว์ป่าภูวัว เช่น ไม่นำเครื่องดื่มที่', '[\"-\",\"เพจ เขตรักษาพันธุ์สัตว์ป่าภูวัว\",\"-\",\"-\"]', 1),
(382, 'เขตห้ามล่าสัตว์ป่าบึงโขงหลง', '2025-10-16 13:29:08', 18.022834, 104.014460, 'ทุกฤดู', '-', 'พื้นที่ชุ่มน้ำเขตห้ามล่าสัตว์ป่าโลกบึงโขงหลง \"บึงโขงหลง\" เป็นแหล่งน้ำจืดปิดรูปเขาวัวแคบ ๆ เกิดขึ้นจากคลองและลำธารหลายสายไหลมารวมกัน บึงมีความยาวประมาณ 13 กิโลเมตร มีความลึกเฉลี่ย 50-100 เซนติเมตร โดยจุดที่ลึกที่สุดมีความลึก 6 เมตร มีพื้นที่กว่า 8,062 ไร่ หรือ (12.89 ตารางกิโลเมตร) ถือว่าเป็นส่วนหนึ่งของที่ราบแม่น้ำสงคราม ซึ่งเป็นบริเวณที่น้ำไหลออกจากบึงก่อนไหลลงสู่แม่น้ำโขง ในบึงมีเกาะแก่งอยู่มากมาย เช่น ดอนแก้ว ดอนโพธิ์ ดอนน่อง ดอนสวรรค์ บนเกาะแก่งเหล่านี้เป็นป่าดิบแล้งที่อุดมสมบูรณ์ ริมบึงมีเขื่อนเพื่อป้องกันตลิ่งพัง และมีประตูน้ำอยู่ที่ปลายสุดทางทิศใต้ของบึง พื้นที่โดยรอบส่วนใหญ่เป็นที่ราบ ', '-', 'กล้องถ่ายรูป', 'ฤดูฝน อาจส่งผลให้ระดับน้ำเพิ่มขึ้นอย่างรวดเร็ว น้ำท่วมฉับพลัน', '-', '[\"-\",\"เพจ Facebook เขตห้ามล่าสัตว์ป่าบึงโขงหลง จังหวัดบึงกาฬ\",\"-\",\"-\"]', 1),
(383, 'ทะเลบัวแดง(หนองเลิง)', '2025-10-16 13:32:44', 17.212120, 103.033498, 'ฤดูหนาว', '', 'ทะเลบัวแดงแห่งนี้ มีพื้นที่ประมาณ 3,065 ไร่ ความจุของน้ำประมาณ 4 ล้านลูกบาศก์เมตร มีบัวแดงเกิดขึ้นในพื้นที่ประมาณ 500 ไร่ นอกจากนี้ ยังมีบัวขาวและบัวหลวงเกิดอยู่เป็นหย่อมๆ ช่วงบัวแดงเริ่มบานสะพรั่งในฤดูหนาวเริ่มย่างกรายเข้ามาเยือนประมาณกลางเดือนพฤศจิกายนถึงต้นเดือนมีนาคม บานในเวลาเช้าจนถึง 11 นาฬิกา และบานช่วง 5 โมงเย็นอีกครั้ง ตั้งอยู่ห่างจากตัวจังหวัดประมาณ 60 กิโลเมตร และห่างจากตัวอำเภอพรเจริญประมาณ 15 กิโลเมตร และอยู่ติดรอยต่อกับอำเภอบ้านม่วง จังหวัดสกลนคร มีเพียงแม่น้ำสงครามไหลคั่นกลาง จึงขอเชิญชวนนักท่องเที่ยวไปเที่ยวชมความงามที่แตกต่างจากทะเลบัวแดงของจังหวัดอุดรธานี', '-', '-', '-', '-', '[\"-\",\"-\",\"-\",\"-\"]', 0),
(384, 'วัดอาฮงศิลาวาส', '2025-10-16 13:37:05', 18.424529, 103.470704, 'ทุกฤดู', '', 'วัดอาฮงศิลาวาส โดดเด่น ด้วยสถาปัตกรรม พระอุโบสถ์หินอ่อน ริมแม่น้ำโขงตั้งอยู่บนแก่งอาฮงภายในพระอุโบสถ์ ประดิษฐาน “พระพุทธ คุวานันท์ศาสดา” ซึ่งมีความงดงามตระการตาด้วยว่าเป็นพระ พุทธรูปลักษณะเดียวกับพระพุทธชินราช นอกจากนี้ ยังมีพระพุทธรูปทองคำสององศ์ ประดิษฐาน บรรยากาศภายในวัด เป็นโขดหินรูปร่างแปลกตามากมาย มีการจัดเรียงตามธรรมชาติ เหมือนกับสวนหิน', 'เมื่ออดีตกาลนานมาแล้วหลวงพ่อลุนผู้ก่อตั้งวัดนี้ขึ้นมาในกลางป่าดงดิบปะปนกับโขดหินน้อยใหญ่ ซึ่งเป็นเทือกเขาเชื่อมโยงมาจากฝั่งประเทศลาววัดนี้มีชื่อเรียกว่า วัดป่าเลไลย ต่อมาเมื่อปี พ.ศ. 2506 หลวงพ่อลุนได้มรณภาพลงทำให้วัดนี้ไม่มีพระภิกษุอยู่จำวัดแบบถาวรเลย คงเหลือแต่ชีแก่ๆ อยู่เฝ้าจำวัดและรักษาวัดกระทั่งปี พ.ศ. 2517 ท่านเจ้าคุณนิเทศศาสนคุณ (หลวงพ่อมหาสมาน สิริปัญโญ) ผ่านมาแวะเข้าไปดูบริเวณวัดและเห็นสภาพทั่วไปสงบร่มรื่นอยู่ติดกับริมฝั่งแม่น้ำโขงซึ่งจะมีโขดหินเรียงรายอยู่ในแม่น้ำยื่นจากฝั่งออกไปสู่กลางลำน้ำโขงมีชื่อเรียกว่า แก่งอาฮง', 'แต่งกายสุภาพ เหมาะสมกับสถานที่ทางศาสนา เตรียมหมวกหรือร่มสำหรับกันแดด หากมาในช่วงกลางวัน พกน้ำดื่มและ', 'ระมัดระวังในการเดินบริเวณริมฝั่งแม่น้ำโขง เนื่องจากอาจลื่นหรือมีพื้นที่ไม่เรียบ ปฏิบัติตามกฎระเบียบข', 'งดสูบบุหรี่และดื่มเครื่องดื่มแอลกอฮอล์ภายในวัด รักษาความสะอาด ไม่ทิ้งขยะในบริเวณวัด เคารพสถานที่และป', '[\"-\",\"-\",\"-\",\"-\"]', 0),
(385, 'วัดโพธาราม', '2025-10-16 13:41:22', 19.524672, 103.805583, 'ทุกฤดู', '', 'วัดโพธาราม (วัดลวงพ่อพระใหญ่) ตั้งอยู่บ้านท่าไคร้ หมู่ 5 ตำบลบึงกาฬ ห่าจากตัวเมืองบึงกาฬ 5 กิโลเมตร ตามทางหลวงหมายเลข 212 (บึงกาฬ-นครพนม) เป็นที่ประดิษฐานหลวงพ่อพระใหญ่ พระพุทธรูปปางมารวิชัย หน้าตักกว้าง 2 ศอก 1 คืบ (5 ฟุต 4 นิ้ว) ประดิษฐานบนแท่น 4 เหลี่ยม ซึ่งได้บูรณขึ้นใหม่ในปี 2537 ชาวบึงกาฬได้จัดให้มีการสมโภชหลวงพ่อพระใหญ่ปีละ 2 ครั้ง คือประเพณีบุญเดือน 3 หรือบุญข้าวจี่ มีการถวายปราสาทผึ้งด้วย และประเพณีสรงน้ำหลวงพ่อพพระใหญ่ จัดงานสัปดาห์หลังเทศกาลสงกรานต์ พระพุทธคุณ ให้มีความเจริญรุ่งเรือง มีตำแหน่งการงานที่ใหญ่ขึ้น มีโชคลาภแคล้วคลาดปลอดภัย การสักการะ บนบาน สักการะด้วยดอกไม้ ธูปเทียน และบ', 'ตามตำนานและคำบอกเล่าของคนเฒ่าคนแก่หลายรุ่น หลายสมัยเล่าสืบต่อกันมาประมาณสองพันกว่าปีมาแล้ว จนถึงยุคสมัยหลังๆ ซึ่งแต่ก่อนคนเหล่านี้ส่วนมากได้อพยพครอบครัวมาจากเมืองยศ (บริเวณจังหวัดยโสธรในปัจจุบัน) มาตั้งถิ่นฐานริมฝั่งแม่น้ำโขงและร่นขึ้นมาทางเขตชัยบุรี จากนั้นต่างก็จับจองพื้นที่หากินแล้วเริ่มขยายอาณาบริเวณไปเรื่อย ๆ จนถึงบริเวณที่รกทึบที่สุดเป็นป่าดงดิบ มีไม้นานาพันธุ์ เช่น ไม้ยาง ไม้ตะแบก ไม้สัก ไม้ไผ่ป่า ขี้นอยู่อย่างหนาแน่นและเต็มไปด้วยสัตว์ป่าหลายชนิด ที่อาศัยอยู่บริเวณดังกล่าว เนื่องจากเป็นป่ารกทึบมากชาวบ้านที่มาตั้งถิ่นฐานอยู่รอบๆ จึงได้ร่วมกันในการถากถางเพื่อจะได้มีพื้นที่มากขึ้น หลังจากท', 'แต่งกายสุภาพ เหมาะสมกับสถานที่ทางศาสนา เตรียมหมวกหรือร่มสำหรับกันแดด หากมาในช่วงกลางวัน พกน้ำดื่มและ', 'ปฏิบัติตามกฎระเบียบของวัดอย่างเคร่งครัด', 'งดสูบบุหรี่และดื่มเครื่องดื่มแอลกอฮอล์ภายในวัด รักษาความสะอาด ไม่ทิ้งขยะในบริเวณวัด เคารพสถานที่และป', '[\"-\",\"-\",\"-\",\"-\"]', 0),
(386, 'ศาลเจ้าแม่สองนาง', '2025-10-16 13:43:55', 18.364238, 103.652274, 'ทุกฤดู', '-', 'เจ้าแม่สองนางเป็นศาลอันศักดิ์สิทธิ์ ทั่วสารทิศผู้คนไปมาได้กราบไหว้บูชา ขอพรให้เจริญรุ่งเรือง บริเวณที่สร้างศาลเจ้าแม่สองนางปัจจุบันแต่ก่อนมีต้นพุทราอยู่สองต้นลูกดก ทางราชการต้องการย้ายศาลเจ้าแม่สองนางไปที่อื่น พอไปดูทางโหราศาสตร์ แล้วบอกว่า ย้ายไม่ได้ขออยู่ที่เดิม เพราะมองเห็นแม่น้ำโขงตลอดทั้งปี', 'ความเป็นมา ผู้เรียบเรียงประวัติของเจ้าแม่สองนางได้เขียนได้ดังนี้ ตามที่ได้รับฟังคำบอกเล่าจากผู้เฒ่ามาคือ พ่อตู้จ้ำนาค สุริยะกาญจน์ (จ้ำ หมายถึง คนดูแลศาลเจ้า) และพ่อตู้เฮือง ผิวเฟื่อง เล่าว่า เมื่อปี พ.ศ. 2137 เกิดศึกฮ่อ ได้ขับไล่คนไทยออกจากลุ่มแม่น้ำโขง ลงมาทางตอนใต้ พวกเผ่าพันธุ์ไทยเดิมก็อพยพลงมาตามแม่น้ำโขง มาปักหลักอยู่หลายแห่ง แบ่งกันอยู่คนละมุมตามลุ่มแม่น้ำโขง ในช่วงอพยพลงมาพ่อตู้พรม ก็ได้เสียเมียรักไปด้วยโรคอหิวา ในกลางทาง เหลือแต่ลูกสาวสองคน คือ นางสมสี และนางบัวลี จึงเดินทางต่อลงมาในเขตชัยบุรี (อ.บึงกาฬ ปัจจุบัน) พ่อพรมเป็นผู้มีวิชาอาคมแก่กล้า ก็ไปอยู่ดอนหอทุ่ง (กุดทิง ปัจจุบัน) ให้ลู', '-', 'ปฏิบัติตามกฎระเบียบ', 'งดสูบบุหรี่และดื่มเครื่องดื่มแอลกอฮอล์ภ รักษาความสะอาด ไม่ทิ้งขยะในบริเวณ เคารพสถานที่และปฏิบัติตามค', '[\"-\",\"-\",\"-\",\"-\"]', 1),
(387, 'วัดเจติยาคีรีวิหาร(ภูทอก)', '2025-10-16 13:47:19', 18.132340, 103.880362, 'ฤดูหนาว', '', 'ภูทอก เป็นภูเขาหินทรายที่มีวัดเจิยาคีรีวิหาร ตั้งอยู่เชิงเขา โดยมีพระอาจารย์จวน กุลเชฏโฐ เป็นผู้ก่อตั้ง ในภาษาอีสานแปลว่า ภูเขาที่โดดเดี่ยว ภูทอก มี 2 ลูก คือภูทอกใหญ่และภูทอกน้อยส่วนที่นักแสวงบุญและ นักท่องเที่ยวทั่วไป สามารถชมได้คือ ภูทอกน้อย ส่วนภูทอกใหญ่อยู่ห่างออกไป ยังไม่เปิดให้นักท่องเที่ยวชม ซึ่งเป็นจุดเริ่มต้นการเดินเท้าขึ้นสู่ยอดภูทอก จุดเด่นของภูทอกก็คือ สะพานไม้และบันไดขึ้นชมทัศนียภาพรอบ ๆ ภูทอก ใช้เพียงแรงงานคนสร้าง บันไดเวียนไปมา รอบภูทอกแบบ 360 ซึ่งมีทั้งหมด 7 ชั้น ใช้เวลาในการก่อสร้างนานถึง 5 ปีเต็มจากชั้น 1-7 จะมีบันไดไม้ให้เดินแบบ ตรงทอดยาวจนถึงจุดสูงสุดของ ยอดภูทอก และตั้งแต', 'ภูทอกในภาษาอีสานแปลว่าภูเขาที่โดดเดี่ยว เป็นที่ตั้งของวัดเจติยาคีรีวิหารภูทอกมี 2 ลูก คือ ภูทอกใหญ่และภูทอกน้อย นักแสวงบุญและนักท่องเที่ยวทั่วไปสามารถชมได้ คือ ภูทอกน้อย ในอดีตอาณาบริเวณนี้เคยเป็นป่าทึบ มีสัตว์อาศัยอยู่มากมาย ต่อมาพระอาจารย์จวน-กุลเชฏโฐ ได้เริ่มเข้ามาจัดตั้งเป็นแหล่งบำเพ็ญเพียร เพื่อให้ศาสนิกชนปฏิบัติธรรม เนื่องจากเป็นสถานที่เงียบสงบในเวลาต่อมา พระอาจารย์จวนละสังขาร จึงได้เริ่มจัดสร้างสะพานและบันได ได้ชื่นชมทัศนียภาพรอบๆ ภูเขา', 'รองเท้า: สวมรองเท้าที่มีดอกยางดี เพื่อป้องกันการลื่นไถลระหว่างการเดินขึ้นบันไดและสะพานไม้ ร่างกาย: เ', 'ความสูง: ทางเดินบางส่วนเป็นสะพานไม้แคบ ๆ ติดกับหน้าผาสูงชัน ควรเดินด้วยความระมัดระวัง สภาพอากาศ: หาก', 'แต่งกายสุภาพ เหมาะสมกับสถานที่ทางศาสนา ห้ามดื่มสุรา ส่งเสียงดัง ขีดเขียนหรือสลักข้อความบนหิน ต้นไม้ ', '[\"-\",\"-\",\"-\",\"-\"]', 0),
(388, 'ตลาดนัดไทยลาว', '2025-10-16 13:50:13', 18.503052, 103.666992, 'ทุกฤดู', '-', '“ตลาดนัดไทย-ลาว” หรือที่รู้จักกันอีกชื่อว่า “ตลาดลาว” เป็นตลาดนัดตอนเช้าริมแม่น้ำโขง ชมวิถีคนท้องถิ่นริมแม่น้ำโขง ตั้งอยู่ใจกลางเมืองบึงกาฬ มีพ่อค้าแม่ค้าทั้งชาวไทยและชาวลาวนำสินค้าพื้นเมือง อาหารท้องถิ่นมาวางขายให้นักท่องเที่ยวที่มาเดินเล่นในตอนเช้าได้มาช้อป ซื้อของใช้ ของกินกัน ภายใน “ตลาดนัดไทย-ลาว” ตั้งอยู่บนถนนริมบึงใหญ่ มีระยะทางของตลาดประมาณ 500 เมตร จะมีสินค้าวางขายตั้งแต่ของป่า ของหายากจากฝั่งลาวแบบที่ไม่เคยเห็นมาก่อน พืช ผัก กบ เขียด และปลาในแม่น้ำโขง ซึ่งนอกจากอาหารการกินแล้ว ก็จะมีเสื้อผ้า ของใช้วางขาย เลือกช้อปกันเพลิน ๆ ทั้งชาวไทย ชาวลาว', '-', 'เสื้อผ้าที่สบาย รองเท้าที่สะดวกสบาย เงิน พัดหรือหมวก', 'ความแออัด สภาพพื้นผิว', 'ไม่ทิ้งขยะ เคารพกฎของสถานที่', '[\"-\",\"-\",\"-\",\"-\"]', 0),
(389, 'ตลาดต้องชม', '2025-10-16 13:53:34', 18.367770, 103.655327, 'ทุกฤดู', '-', 'ศูนย์รวมความอร่อยและสินค้าพื้นเมืองที่หาซื้อได้เฉพาะที่นี่เท่านั้น', '-', 'เสื้อผ้าที่สบาย รองเท้าที่สะดวกสบาย เงิน พัดหรือหมวก', 'ความแออัด สภาพพื้นผิว', 'ไม่ทิ้งขยะ เคารพกฎของสถานที่', '[\"-\",\"-\",\"-\",\"-\"]', 3),
(390, 'สวนส้มทรายเงิน', '2025-10-16 13:56:30', 17.888938, 103.983883, 'ฤดูหนาว', '-', '\"สวนส้มทรายเงิน\" เป็นสวนส้มสายน้ำผึ้งแห่งแรกและแห่งเดียวในจังหวัดบึงกาฬ โดยมีต้นส้มสายน้ำผึ้งจำนวน 535 ต้น บนพื้นที่ 5 ไร่ ซึ่งมีผลผลิตทั้งในและนอกฤดู นับได้ว่าเป็นว่าเป็นแหล่งท่องเที่ยวเชิงเกษตรแห่งใหม่ในจังหวัดบึงกาฬที่น่าสนใจเลยทีเดียว', '-', 'รองเท้าผ้าใบหรือรองเท้าหุ้มส้น เดินสะดวก เพราะภายในสวนอาจมีพื้นที่เป็นดินและหญ้า หมวก / ร่ม / ครีมกั', 'แมลงหรือยุง ควรพกสเปรย์กันแมลงหากแพ้ง่าย\r\nเส้นทางภายในสวน อาจมีพื้นดินลื่นหรือขรุขระ โดยเฉพาะช่วงฝนต', 'ห้ามทิ้งขยะในสวน ต้องใช้ถังขยะที่ทางสวนจัดเตรียมไว้\r\nห้ามส่งเสียงดังรบกวนผู้อื่น เคารพทรัพย์สินของสว', '[\"-\",\"เพจ Facebook สวนส้มทรายเงินเซกา จ.บึงกาฬ \",\"-\",\"-\"]', 2),
(391, 'พิพิธภัณฑ์ชุมชนมีชีวิต', '2025-10-16 14:00:58', 18.099475, 103.404971, 'ทุกฤดู', '', '\"พิพิธภัณฑ์ชุมชนมีชีวิต\"เป็นหมู่บ้านที่อยู่ท่ามกลางธรรมชาติที่สวยงาม บรรยากาศเรียบง่ายสงบสุขตามวิถีชนบท บ้านเรือนที่อยู่อาศัยของคนในชุมชนยังคงรักษาเอกลักษณ์ประจำถิ่นไว้ได้เป็นอย่างดี แต่สิ่งที่น่าสนใจไปกว่านั้นคือการนำศิลปะแนวสตรีทอาร์ตมาผนวกกับความเชื่อเรื่องพญานาค ผสานกับอาชีพและความชอบของคนในท้องถิ่น รังสรรให้เกิดภาพเขียนสีพญานาคบนผนังของสิ่งปลูกสร้างในหมู่บ้าน ซึงเป็นหมู่บ้านภาพวาดเขียนสีพญานาคหนึ่งเดียวในโลก', 'หมู่บ้านท่องเที่ยวสตรีทอาร์ท และ พิพิธภัณฑ์ชุมชนมีชีวิต ตั้งอยู่ในหมู่บ้านขี้เหล็กใหญ่ อำเภอโซ่พิสัย จังหวัดบึงกาฬ เป็นหมู่บ้านที่เงียบสงบโอบล้อมด้วยธรรมชาติ ยังคงมีวัฒนธรรมและวิถีชีวิตแบบดั้งเดิม ทั้งการแต่งกายที่เป็นเอกลักษณ์ด้วยการนุ่งซิ่น สะพายกระติ๊บ ตักบาตรข้าวเหนียว สำหรับการสร้างหมู่บ้านสตรีทอาร์ต คือการเปิดใจร่วมกันทั้งหมู่บ้าน โดยผสมผสานวัฒนธรรมดั้งเดิมกับงานศิลปะสมัยใหม่ ผู้ริเริ่ม คือ คุณขาบ ฟู้ดสไตล์ลิสต์ชื่อดัง เจ้าของรางวัลเวทีระดับโลก และยังเป็นอาสาสมัครของมูลนิธิโครงการหลวงมากว่า 14 ปี ที่ตั้งใจกลับบ้านเกิดเพื่อพัฒนาชุมชนให้เป็นแหล่งท่องเที่ยวอย่างยั่งยืน โดยใช้ทุนส่วนตัว และไ', 'เสื้อผ้าที่สบายและเหมาะสมสำหรับการเดินชมพิพิธภัณฑ์', 'ระมัดระวังการสัมผัสหรือทำลายสิ่งของภายในพิพิธภัณฑ์ ควรรักษาความสะอาดและไม่ทิ้งขยะในบริเวณพิพิธภัณฑ์', 'ห้ามสูบบุหรี่และดื่มเครื่องดื่มแอลกอฮอล์ภายในพิพิธภัณฑ์ เคารพสิ่งศักดิ์สิทธิ์และปฏิบัติตามกฎระเบียบข', '[\"-\",\"-\",\"-\",\"-\"]', 0),
(392, 'สวนทุเรียนรุ่งโรจน์', '2025-10-16 14:04:26', 18.119234, 104.096408, 'ฤดูฝน', '-', '\"สวนทุเรียนรุ่งโรจน์\" บ้านท่าดอกคำ อ.บึงโขงหลง จ.บึงกาฬ เป็นสวนทุเรียนอายุมากกว่า 10 ปี ที่มีเนื้อที่ประมาณ 30 ไร่ และปลูกทุเรียนพันธุ์หมอนทอง ซึ่งเจ้าของสวนได้ตั้งชื่อพันธุ์ให้ใหม่ว่า \"ทุเรียนพันธุ์เพชรนาคิน\"ประมาณ 400 กว่าต้น ซึ่งสวนทุเรียนรุ่งโรจน์เป็นทั้งแหล่งจำหน่ายผลทุเรียน ต้นกล้าพันธุ์ทุเรียน อีกทั้งยังเป็นแหล่งศึกษาดูงานและแหล่งท่องเที่ยวเชิงเกษตรของจังหวัดบึงกาฬอีกด้วย', '-', 'สวมเสื้อผ้าที่ระบายอากาศได้ดีและรองเท้าที่สะดวกสบายสำหรับการเดินในสวน อุปกรณ์ป้องกันแสงแดด พกน้ำดื่ม', 'ตรวจสอบสภาพอากาศล่วงหน้า เนื่องจากฝนตกอาจทำให้พื้นที่ลื่น อาจมีแมลงในสวน ควรพกสเปรย์กันแมลงหากจำเป็น', 'ปฏิบัติตามคำแนะนำของเจ้าหน้าที่สวนอย่างเคร่งครัด ไม่ทิ้งขยะในพื้นที่สวน ห้ามเก็บผลทุเรียนโดยไม่ได้รั', '[\"-\",\"เพจ Facebook สวนทุเรียน แห่งแรกของจังหวัดบึงกาฬ 77\",\"-\",\"-\"]', 0);

-- --------------------------------------------------------

--
-- Table structure for table `tourist_address`
--

CREATE TABLE `tourist_address` (
  `place_id` int(11) NOT NULL,
  `district` varchar(100) NOT NULL,
  `sub_district` varchar(100) NOT NULL
) ENGINE=InnoDB DEFAULT CHARSET=utf8mb4 COLLATE=utf8mb4_general_ci;

--
-- Dumping data for table `tourist_address`
--

INSERT INTO `tourist_address` (`place_id`, `district`, `sub_district`) VALUES
(373, 'เมืองบึงกาฬ', 'โคกก่อง'),
(374, 'บึงโขงหลง', 'โพธิ์หมากแข้ง'),
(376, 'เซกา', 'โสกก่าม'),
(377, 'เซกา', 'บ้านต้อง'),
(378, 'บึงโขงหลง', 'โพธิ์หมากแข้ง'),
(379, 'บึงโขงหลง', 'โพธิ์หมากแข้ง'),
(380, 'เมืองบึงกาฬ', 'ไคสี'),
(381, 'บุ่งคล้า', 'บุ่งคล้า'),
(382, 'เซกา', 'บ้านต้อง'),
(383, 'พรเจริญ', 'ดอนหญ้านาง'),
(384, 'เมืองบึงกาฬ', 'ไคสี'),
(385, 'เมืองบึงกาฬ', 'บึงกาฬ'),
(386, 'เมืองบึงกาฬ', 'บึงกาฬ'),
(387, 'ศรีวิไล', 'นาแสง'),
(388, 'เมืองบึงกาฬ', 'บึงกาฬ'),
(389, 'เมืองบึงกาฬ', 'วิศิษฐ์'),
(390, 'เซกา', 'เซกา'),
(391, 'โซ่พิสัย', 'หนองพันทา'),
(392, 'บึงโขงหลง', 'ท่าดอกคำ');

-- --------------------------------------------------------

--
-- Table structure for table `tourist_costs`
--

CREATE TABLE `tourist_costs` (
  `Cost_id` int(11) NOT NULL,
  `place_id` int(11) NOT NULL,
  `description` varchar(100) NOT NULL,
  `amount` varchar(11) NOT NULL,
  `currency` varchar(11) NOT NULL
) ENGINE=InnoDB DEFAULT CHARSET=utf8mb4 COLLATE=utf8mb4_general_ci;

--
-- Dumping data for table `tourist_costs`
--

INSERT INTO `tourist_costs` (`Cost_id`, `place_id`, `description`, `amount`, `currency`) VALUES
(2, 374, 'ค่าเข้าสถานที่', '30', 'บาท'),
(3, 376, 'ค่าเข้าสถานที่ เด็ก', '20', 'บาท'),
(4, 376, 'ค่าเข้าสถานที่ ผู้ใหญ่', '30', 'บาท'),
(5, 376, 'เรือ คนละ', '50', 'บาท'),
(6, 377, 'ค่าเข้าสถานที่', '0', 'บาท'),
(10, 378, 'ค่าเข้าสถานที่ เด็ก', '10', 'บาท'),
(11, 378, 'ค่าเข้าสถานที่ ผู้ใหญ่', '20', 'บาท'),
(12, 378, 'ค่าบริการไกด์ท้องถิ่นนำเที่ยวกลุ่มละ (นักท่องเที่ยวไม่เกิน 7 คนต่อกลุ่ม)', '200', 'บาท'),
(13, 379, 'ค่าเข้าสถานที่', '40', 'บาท'),
(14, 380, 'ค่าเข้าสถานที่', '0', 'บาท'),
(15, 381, 'ค่าเจ้าหน้าที่นำทางวันละ', '700', 'บาท'),
(16, 381, 'ค่าลูกหาบวันละ', '700', 'บาท'),
(17, 381, 'ค่าเข้า ผู้ใหญ่ คนละ', '30', 'บาท'),
(18, 381, 'ค่ายานพาหนะ รถยนต์คันละ', '60', 'บาท'),
(19, 381, 'ค่าหนังสือขออนุญาติเข้า', '30', 'บาท'),
(20, 382, 'ค่าเข้าสถานที่', '0', 'บาท'),
(22, 383, 'ค่าบริการนั่งเรือชมบัวแดงรอบละ', '100', 'บาท'),
(25, 386, 'ค่าเข้าสถานที่', '0', 'บาท'),
(27, 388, 'ค่าเข้าสถานที่', '0', 'บาท'),
(28, 389, 'ค่าเข้าสถานที่', '0', 'บาท'),
(29, 390, '', '0', 'บาท'),
(31, 391, 'ค่าเข้าสถานที่', '20', 'บาท'),
(32, 392, 'ค่าเข้าสถานที่', '0', 'บาท'),
(36, 373, 'ค่าเข้าสถานที่', '20', 'บาท');

-- --------------------------------------------------------

--
-- Table structure for table `tourist_open_hours`
--

CREATE TABLE `tourist_open_hours` (
  `id` int(11) NOT NULL,
  `place_id` int(11) NOT NULL,
  `open_day` enum('จันทร์','อังคาร','พุธ','พฤหัส','ศุกร์','เสาร์','อาทิตย์') NOT NULL,
  `open_time_start` time NOT NULL DEFAULT current_timestamp(),
  `open_time_end` time NOT NULL DEFAULT current_timestamp()
) ENGINE=InnoDB DEFAULT CHARSET=utf8mb4 COLLATE=utf8mb4_general_ci;

--
-- Dumping data for table `tourist_open_hours`
--

INSERT INTO `tourist_open_hours` (`id`, `place_id`, `open_day`, `open_time_start`, `open_time_end`) VALUES
(29, 374, 'จันทร์', '07:00:00', '14:00:00'),
(30, 374, 'อังคาร', '07:00:00', '14:00:00'),
(31, 374, 'พุธ', '07:00:00', '14:00:00'),
(32, 374, 'พฤหัส', '07:00:00', '14:00:00'),
(33, 374, 'ศุกร์', '07:00:00', '14:00:00'),
(34, 374, 'เสาร์', '07:00:00', '14:00:00'),
(35, 374, 'อาทิตย์', '07:00:00', '14:00:00'),
(43, 376, 'จันทร์', '08:00:00', '18:00:00'),
(44, 376, 'อังคาร', '08:00:00', '18:00:00'),
(45, 376, 'พุธ', '08:00:00', '18:00:00'),
(46, 376, 'พฤหัส', '08:00:00', '18:00:00'),
(47, 376, 'ศุกร์', '08:00:00', '18:00:00'),
(48, 376, 'เสาร์', '08:00:00', '18:00:00'),
(49, 376, 'อาทิตย์', '08:00:00', '18:00:00'),
(50, 377, 'จันทร์', '08:00:00', '18:00:00'),
(51, 377, 'อังคาร', '08:00:00', '18:00:00'),
(52, 377, 'พุธ', '08:00:00', '18:00:00'),
(53, 377, 'พฤหัส', '08:00:00', '18:00:00'),
(54, 377, 'ศุกร์', '08:00:00', '18:00:00'),
(55, 377, 'เสาร์', '08:00:00', '18:00:00'),
(56, 377, 'อาทิตย์', '08:00:00', '18:00:00'),
(64, 378, 'จันทร์', '08:00:00', '18:00:00'),
(65, 378, 'อังคาร', '08:00:00', '18:00:00'),
(66, 378, 'พุธ', '08:00:00', '18:00:00'),
(67, 378, 'พฤหัส', '08:00:00', '18:00:00'),
(68, 378, 'ศุกร์', '08:00:00', '18:00:00'),
(69, 378, 'เสาร์', '08:00:00', '18:00:00'),
(70, 378, 'อาทิตย์', '08:00:00', '18:00:00'),
(71, 379, 'จันทร์', '07:00:00', '14:00:00'),
(72, 379, 'อังคาร', '07:00:00', '14:00:00'),
(73, 379, 'พุธ', '07:00:00', '14:00:00'),
(74, 379, 'พฤหัส', '07:00:00', '14:00:00'),
(75, 379, 'ศุกร์', '07:00:00', '14:00:00'),
(76, 379, 'เสาร์', '07:00:00', '14:00:00'),
(77, 379, 'อาทิตย์', '07:00:00', '14:00:00'),
(78, 380, 'จันทร์', '06:00:00', '18:00:00'),
(79, 380, 'อังคาร', '06:00:00', '18:00:00'),
(80, 380, 'พุธ', '06:00:00', '18:00:00'),
(81, 380, 'พฤหัส', '06:00:00', '18:00:00'),
(82, 380, 'ศุกร์', '06:00:00', '18:00:00'),
(83, 380, 'เสาร์', '06:00:00', '18:00:00'),
(84, 380, 'อาทิตย์', '06:00:00', '18:00:00'),
(85, 381, 'จันทร์', '07:00:00', '17:00:00'),
(86, 381, 'อังคาร', '07:00:00', '17:00:00'),
(87, 381, 'พุธ', '07:00:00', '17:00:00'),
(88, 381, 'พฤหัส', '07:00:00', '17:00:00'),
(89, 381, 'ศุกร์', '07:00:00', '17:00:00'),
(90, 381, 'เสาร์', '07:00:00', '17:00:00'),
(91, 381, 'อาทิตย์', '07:00:00', '17:00:00'),
(92, 382, 'จันทร์', '06:30:00', '17:30:00'),
(93, 382, 'อังคาร', '06:30:00', '17:30:00'),
(94, 382, 'พุธ', '06:30:00', '17:30:00'),
(95, 382, 'พฤหัส', '06:30:00', '17:30:00'),
(96, 382, 'ศุกร์', '06:30:00', '17:30:00'),
(97, 382, 'เสาร์', '06:30:00', '17:30:00'),
(98, 382, 'อาทิตย์', '06:30:00', '17:30:00'),
(106, 383, 'จันทร์', '08:00:00', '17:00:00'),
(107, 383, 'อังคาร', '08:00:00', '17:00:00'),
(108, 383, 'พุธ', '08:00:00', '17:00:00'),
(109, 383, 'พฤหัส', '08:00:00', '17:00:00'),
(110, 383, 'ศุกร์', '08:00:00', '17:00:00'),
(111, 383, 'เสาร์', '08:00:00', '17:00:00'),
(112, 383, 'อาทิตย์', '08:00:00', '17:00:00'),
(127, 384, 'จันทร์', '06:00:00', '18:00:00'),
(128, 384, 'อังคาร', '06:00:00', '18:00:00'),
(129, 384, 'พุธ', '06:00:00', '18:00:00'),
(130, 384, 'พฤหัส', '06:00:00', '18:00:00'),
(131, 384, 'ศุกร์', '06:00:00', '18:00:00'),
(132, 384, 'เสาร์', '06:00:00', '18:00:00'),
(133, 384, 'อาทิตย์', '06:00:00', '18:00:00'),
(141, 385, 'จันทร์', '06:00:00', '18:00:00'),
(142, 385, 'อังคาร', '06:00:00', '18:00:00'),
(143, 385, 'พุธ', '06:00:00', '18:00:00'),
(144, 385, 'พฤหัส', '06:00:00', '18:00:00'),
(145, 385, 'ศุกร์', '06:00:00', '18:00:00'),
(146, 385, 'เสาร์', '06:00:00', '18:00:00'),
(147, 385, 'อาทิตย์', '06:00:00', '18:00:00'),
(148, 386, 'จันทร์', '06:00:00', '19:00:00'),
(149, 386, 'อังคาร', '06:00:00', '19:00:00'),
(150, 386, 'พุธ', '06:00:00', '19:00:00'),
(151, 386, 'พฤหัส', '06:00:00', '19:00:00'),
(152, 386, 'ศุกร์', '06:00:00', '19:00:00'),
(153, 386, 'เสาร์', '06:00:00', '19:00:00'),
(154, 386, 'อาทิตย์', '06:00:00', '19:00:00'),
(162, 387, 'จันทร์', '08:30:00', '17:00:00'),
(163, 387, 'อังคาร', '08:30:00', '17:00:00'),
(164, 387, 'พุธ', '08:30:00', '17:00:00'),
(165, 387, 'พฤหัส', '08:30:00', '17:00:00'),
(166, 387, 'ศุกร์', '08:30:00', '17:00:00'),
(167, 387, 'เสาร์', '08:30:00', '17:00:00'),
(168, 387, 'อาทิตย์', '08:30:00', '17:00:00'),
(169, 388, 'อังคาร', '06:00:00', '00:00:00'),
(170, 388, 'ศุกร์', '06:00:00', '00:00:00'),
(171, 389, 'ศุกร์', '16:00:00', '20:30:00'),
(172, 389, 'เสาร์', '16:00:00', '20:30:00'),
(173, 390, 'จันทร์', '09:00:00', '18:00:00'),
(174, 390, 'อังคาร', '09:00:00', '18:00:00'),
(175, 390, 'พุธ', '09:00:00', '18:00:00'),
(176, 390, 'พฤหัส', '09:00:00', '18:00:00'),
(177, 390, 'ศุกร์', '09:00:00', '18:00:00'),
(178, 390, 'เสาร์', '09:00:00', '18:00:00'),
(179, 390, 'อาทิตย์', '09:00:00', '18:00:00'),
(182, 391, 'จันทร์', '08:00:00', '18:00:00'),
(183, 391, 'อังคาร', '08:00:00', '18:00:00'),
(184, 392, 'จันทร์', '08:00:00', '18:00:00'),
(185, 392, 'อังคาร', '08:00:00', '18:00:00'),
(207, 373, 'จันทร์', '06:00:00', '17:00:00'),
(208, 373, 'อังคาร', '06:00:00', '17:00:00'),
(209, 373, 'พุธ', '06:00:00', '17:00:00'),
(210, 373, 'พฤหัส', '06:00:00', '17:00:00'),
(211, 373, 'ศุกร์', '06:00:00', '17:00:00'),
(212, 373, 'เสาร์', '06:00:00', '17:00:00'),
(213, 373, 'อาทิตย์', '06:00:00', '17:00:00');

-- --------------------------------------------------------

--
-- Table structure for table `t_tourist`
--

CREATE TABLE `t_tourist` (
  `place_id` int(11) NOT NULL,
  `category_id` int(11) NOT NULL
) ENGINE=InnoDB DEFAULT CHARSET=utf8mb4 COLLATE=utf8mb4_general_ci;

--
-- Dumping data for table `t_tourist`
--

INSERT INTO `t_tourist` (`place_id`, `category_id`) VALUES
(373, 1),
(374, 1),
(376, 1),
(377, 1),
(378, 1),
(379, 1),
(380, 1),
(381, 1),
(382, 1),
(383, 1),
(384, 2),
(385, 2),
(386, 2),
(387, 2),
(388, 2),
(389, 3),
(390, 3),
(391, 4),
(392, 4);

--
-- Indexes for dumped tables
--

--
-- Indexes for table `admin`
--
ALTER TABLE `admin`
  ADD PRIMARY KEY (`Gmail`);

--
-- Indexes for table `category`
--
ALTER TABLE `category`
  ADD PRIMARY KEY (`category_id`);

--
-- Indexes for table `f_img`
--
ALTER TABLE `f_img`
  ADD PRIMARY KEY (`file_id`,`image_id`),
  ADD KEY `image_id` (`image_id`);

--
-- Indexes for table `img`
--
ALTER TABLE `img`
  ADD PRIMARY KEY (`image_id`,`place_id`),
  ADD KEY `place_id` (`place_id`);

--
-- Indexes for table `report_review`
--
ALTER TABLE `report_review`
  ADD PRIMARY KEY (`report_id`,`place_id`,`review_id`),
  ADD KEY `review_id` (`review_id`);

--
-- Indexes for table `review`
--
ALTER TABLE `review`
  ADD PRIMARY KEY (`review_id`,`place_id`),
  ADD KEY `place_id` (`place_id`);

--
-- Indexes for table `tourist`
--
ALTER TABLE `tourist`
  ADD PRIMARY KEY (`place_id`);

--
-- Indexes for table `tourist_address`
--
ALTER TABLE `tourist_address`
  ADD PRIMARY KEY (`place_id`);

--
-- Indexes for table `tourist_costs`
--
ALTER TABLE `tourist_costs`
  ADD PRIMARY KEY (`Cost_id`,`place_id`),
  ADD KEY `place_id` (`place_id`);

--
-- Indexes for table `tourist_open_hours`
--
ALTER TABLE `tourist_open_hours`
  ADD PRIMARY KEY (`id`,`place_id`),
  ADD KEY `place_id` (`place_id`);

--
-- Indexes for table `t_tourist`
--
ALTER TABLE `t_tourist`
  ADD PRIMARY KEY (`place_id`,`category_id`),
  ADD KEY `category_id` (`category_id`);

--
-- AUTO_INCREMENT for dumped tables
--

--
-- AUTO_INCREMENT for table `category`
--
ALTER TABLE `category`
  MODIFY `category_id` int(11) NOT NULL AUTO_INCREMENT, AUTO_INCREMENT=32;

--
-- AUTO_INCREMENT for table `f_img`
--
ALTER TABLE `f_img`
  MODIFY `file_id` int(11) NOT NULL AUTO_INCREMENT, AUTO_INCREMENT=221;

--
-- AUTO_INCREMENT for table `img`
--
ALTER TABLE `img`
  MODIFY `image_id` int(11) NOT NULL AUTO_INCREMENT, AUTO_INCREMENT=191;

--
-- AUTO_INCREMENT for table `report_review`
--
ALTER TABLE `report_review`
  MODIFY `report_id` int(11) NOT NULL AUTO_INCREMENT, AUTO_INCREMENT=5;

--
-- AUTO_INCREMENT for table `review`
--
ALTER TABLE `review`
  MODIFY `review_id` int(11) NOT NULL AUTO_INCREMENT, AUTO_INCREMENT=19;

--
-- AUTO_INCREMENT for table `tourist`
--
ALTER TABLE `tourist`
  MODIFY `place_id` int(11) NOT NULL AUTO_INCREMENT, AUTO_INCREMENT=393;

--
-- AUTO_INCREMENT for table `tourist_costs`
--
ALTER TABLE `tourist_costs`
  MODIFY `Cost_id` int(11) NOT NULL AUTO_INCREMENT, AUTO_INCREMENT=37;

--
-- AUTO_INCREMENT for table `tourist_open_hours`
--
ALTER TABLE `tourist_open_hours`
  MODIFY `id` int(11) NOT NULL AUTO_INCREMENT, AUTO_INCREMENT=214;

--
-- Constraints for dumped tables
--

--
-- Constraints for table `f_img`
--
ALTER TABLE `f_img`
  ADD CONSTRAINT `f_img_ibfk_1` FOREIGN KEY (`image_id`) REFERENCES `img` (`image_id`);

--
-- Constraints for table `img`
--
ALTER TABLE `img`
  ADD CONSTRAINT `img_ibfk_1` FOREIGN KEY (`place_id`) REFERENCES `tourist` (`place_id`);

--
-- Constraints for table `report_review`
--
ALTER TABLE `report_review`
  ADD CONSTRAINT `report_review_ibfk_1` FOREIGN KEY (`review_id`) REFERENCES `review` (`review_id`);

--
-- Constraints for table `review`
--
ALTER TABLE `review`
  ADD CONSTRAINT `review_ibfk_1` FOREIGN KEY (`place_id`) REFERENCES `tourist` (`place_id`);

--
-- Constraints for table `tourist_address`
--
ALTER TABLE `tourist_address`
  ADD CONSTRAINT `tourist_address_ibfk_1` FOREIGN KEY (`place_id`) REFERENCES `tourist` (`place_id`);

--
-- Constraints for table `tourist_costs`
--
ALTER TABLE `tourist_costs`
  ADD CONSTRAINT `tourist_costs_ibfk_1` FOREIGN KEY (`place_id`) REFERENCES `tourist` (`place_id`);

--
-- Constraints for table `tourist_open_hours`
--
ALTER TABLE `tourist_open_hours`
  ADD CONSTRAINT `tourist_open_hours_ibfk_1` FOREIGN KEY (`place_id`) REFERENCES `tourist` (`place_id`);

--
-- Constraints for table `t_tourist`
--
ALTER TABLE `t_tourist`
  ADD CONSTRAINT `t_tourist_ibfk_1` FOREIGN KEY (`place_id`) REFERENCES `tourist` (`place_id`),
  ADD CONSTRAINT `t_tourist_ibfk_2` FOREIGN KEY (`category_id`) REFERENCES `category` (`category_id`);
COMMIT;

/*!40101 SET CHARACTER_SET_CLIENT=@OLD_CHARACTER_SET_CLIENT */;
/*!40101 SET CHARACTER_SET_RESULTS=@OLD_CHARACTER_SET_RESULTS */;
/*!40101 SET COLLATION_CONNECTION=@OLD_COLLATION_CONNECTION */;
